model,stage,layout,scale_strategy,grid,best_params,train_rmse_scaled,test_rmse_scaled,cv_rmse_scaled,r2,target_spread_hours,train_rmse_hours,test_rmse_hours,cv_rmse_hours,train_samples,search_samples,track
gpr,1. reproduce,original,original,original,"{'alpha': 0.01, 'kernel': RBF(length_scale=1)}",0.0836517381967342,0.0928455580227506,0.0868679116201739,0.0772760245366892,6643.333333333332,555.7263807536375,616.8039904644736,577.0924928633553,360,360,real
gpr,2. layout fix,fixed,original,original,"{'alpha': 0.001, 'kernel': RBF(length_scale=1)}",0.048500639468682,0.0670891984500837,0.0628366567052392,0.5182133631430317,6643.333333333332,322.2059148702777,445.6959083700564,417.4448560451392,360,360,real
gpr,3. scale fix,fixed,principled,original,"{'alpha': 0.001, 'kernel': RBF(length_scale=1)}",0.0482966118644178,0.067116605630669,0.0629945127360781,0.5178196452036674,6643.333333333332,320.85049148594914,445.87798340641154,418.4935462766791,360,360,real
gpr,4. regrid,fixed,principled,extended,"{'alpha': 1e-06, 'kernel': 1**2 * RBF(length_scale=1) + WhiteKernel(noise_level=0.001)}",0.0528441732975965,0.0669694908397928,0.0608594750595393,0.5199311381264993,6643.333333333332,351.06145794036627,444.900650812357,404.30977931220633,360,360,real
random_forest,1. reproduce,original,original,original,"{'max_depth': 5, 'min_samples_leaf': 1, 'min_samples_split': 10, 'n_estimators': 200}",0.0694522786798137,0.0920802597221814,0.0856375764557692,0.0924248108801965,6643.333333333332,461.3946380295623,611.7198587543583,568.9189662544934,360,360,real
random_forest,2. layout fix,fixed,original,original,"{'max_depth': 10, 'min_samples_leaf': 2, 'min_samples_split': 2, 'n_estimators': 100}",0.0195184301605421,0.0482932326773449,0.0378171824027505,0.7503554448018471,6643.333333333332,129.66743769986823,320.8280424198281,251.23214842893933,360,360,real
random_forest,3. scale fix,fixed,principled,original,"{'max_depth': None, 'min_samples_leaf': 2, 'min_samples_split': 2, 'n_estimators': 100}",0.0194275688668836,0.0483689517312358,0.0378333001617788,0.7495719947245918,6643.333333333332,129.06381583899676,321.3310693345102,251.33922407475055,360,360,real
svr,1. reproduce,original,original,original,"{'C': 1.0, 'gamma': 1.0, 'kernel': 'rbf'}",0.0826132960479577,0.0910528336493202,0.0849420975504283,0.1125651582844793,6643.333333333332,548.8276634119322,604.8943248769837,564.2986680600125,360,360,real
svr,2. layout fix,fixed,original,original,"{'C': 10.0, 'gamma': 0.1, 'kernel': 'rbf'}",0.0690405276184896,0.0765288538484213,0.0708911288896431,0.3730975577045811,6643.333333333332,458.65923847883295,508.40668573301264,470.9533995901957,360,360,real
svr,3. scale fix,fixed,principled,original,"{'C': 10.0, 'gamma': 0.1, 'kernel': 'rbf'}",0.0690002204959858,0.076465946777974,0.070942934888346,0.3741277675035496,6643.333333333332,458.39146482833286,507.9887730950076,471.2975641082457,360,360,real
svr,4. regrid,fixed,principled,extended,"{'C': 100.0, 'gamma': 0.01, 'kernel': 'rbf'}",0.0690661475668857,0.076672351272875,0.0701597666845644,0.3707443740044914,6643.333333333332,458.829440336011,509.3599869561332,466.09471667445655,360,360,real
xgboost,1. reproduce,original,original,original,"{'learning_rate': 0.01, 'n_estimators': 100}",0.0700336783723213,0.0952776314788544,0.0875673473100412,0.0283016876029871,6643.333333333332,465.2570699867882,632.9610651245226,581.739077296374,360,360,real
xgboost,2. layout fix,fixed,original,original,"{'learning_rate': 0.1, 'n_estimators': 200}",0.0019802700613131,0.0504288629657947,0.0401241426004543,0.7277876054797452,6643.333333333332,13.155594107323884,335.015746302763,266.55805400901846,360,360,real
xgboost,3. scale fix,fixed,principled,original,"{'learning_rate': 0.1, 'n_estimators': 200}",0.0019802700613131,0.0504270358965826,0.0402158147591516,0.7278073299726754,6643.333333333332,13.155594107323884,335.0036084729638,267.16706271663094,360,360,real
gpr,1. reproduce,original,original,original,"{'alpha': 0.01, 'kernel': RBF(length_scale=1)}",0.0497945521833402,0.049059087359329,0.050221604925602,0.5405047424322422,15072.021484374998,750.5045603121366,739.4196186836368,756.9411084184675,4000,2000,synthetic
gpr,2. layout fix,fixed,original,original,"{'alpha': 0.01, 'kernel': RBF(length_scale=1)}",0.0554085210063249,0.0550103507399806,0.0558772142755196,0.5237874452219647,15375.221354166664,851.9182753792388,845.7963193975485,859.1245381403156,4000,2000,synthetic
gpr,3. scale fix,fixed,principled,original,"{'alpha': 0.01, 'kernel': RBF(length_scale=1)}",0.0554077852678059,0.0550153932979002,0.0558763071173533,0.5237001365821583,15375.221354166664,851.9069632366508,845.8738498417539,859.1105903827065,4000,2000,synthetic
gpr,4. regrid,fixed,principled,extended,"{'alpha': 0.001, 'kernel': 1**2 * RBF(length_scale=1) + WhiteKernel(noise_level=0.001)}",0.0551024321269032,0.0548891514324199,0.0558155692454034,0.5258835253308832,15375.221354166664,847.2120911040814,843.9328532158308,858.1767321568949,4000,2000,synthetic
random_forest,1. reproduce,original,original,original,"{'max_depth': None, 'min_samples_leaf': 1, 'min_samples_split': 10, 'n_estimators': 200}",0.0263091201705833,0.0520349409270654,0.0534355585738553,0.4830694068203465,15072.021484374998,396.5316244460364,784.2717475909151,805.3818868547263,4000,2000,synthetic
random_forest,2. layout fix,fixed,original,original,"{'max_depth': None, 'min_samples_leaf': 4, 'min_samples_split': 10, 'n_estimators': 200}",0.0326110250700763,0.0577197157888078,0.0592331879422844,0.4757235128093381,15375.221354166664,501.401729038702,887.4534067525091,910.72337612558,4000,2000,synthetic
random_forest,3. scale fix,fixed,principled,original,"{'max_depth': None, 'min_samples_leaf': 4, 'min_samples_split': 10, 'n_estimators': 200}",0.0326111491362752,0.0577196208926175,0.059233397993523,0.4757252367194341,15375.221354166664,501.403636583973,887.4519477025777,910.7266057098684,4000,2000,synthetic
svr,1. reproduce,original,original,original,"{'C': 10.0, 'gamma': 0.1, 'kernel': 'rbf'}",0.0498982859602248,0.0495669752275464,0.0508385959143505,0.5309415776719555,15072.021484374998,752.0680380259959,747.0745155450633,766.2404098565497,4000,2000,synthetic
svr,2. layout fix,fixed,original,original,"{'C': 10.0, 'gamma': 0.01, 'kernel': 'rbf'}",0.0556692890358845,0.0552062664903626,0.0564261965523575,0.5203894055700338,15375.221354166664,855.9276415558089,848.8085674264388,867.5652621662125,4000,2000,synthetic
svr,3. scale fix,fixed,principled,original,"{'C': 10.0, 'gamma': 0.01, 'kernel': 'rbf'}",0.0556634691001778,0.0552043954804712,0.0564245634798353,0.5204219142331613,15375.221354166664,855.8381587560511,848.7798002352029,867.5401533146976,4000,2000,synthetic
svr,4. regrid,fixed,principled,extended,"{'C': 100.0, 'gamma': 0.01, 'kernel': 'rbf'}",0.0554675828516246,0.0549313217397638,0.0561456281738052,0.5251547358597302,15375.221354166664,852.8263643243087,844.5812310258159,863.2514612409925,4000,2000,synthetic
xgboost,1. reproduce,original,original,original,"{'learning_rate': 0.01, 'n_estimators': 300}",0.0391072407364845,0.0522137358784675,0.05373315513134,0.4795109629631042,15072.021484374998,589.4251725749199,786.9665489397447,809.8672685628115,4000,2000,synthetic
xgboost,2. layout fix,fixed,original,original,"{'learning_rate': 0.01, 'n_estimators': 300}",0.0427493080496788,0.0578195229172706,0.05965231731534,0.4739088416099548,15375.221354166664,657.2800740012703,888.9879634453487,917.167583012342,4000,2000,synthetic
xgboost,3. scale fix,fixed,principled,original,"{'learning_rate': 0.01, 'n_estimators': 300}",0.0427493080496788,0.0578194707632064,0.0596439465880394,0.4739097952842712,15375.221354166664,657.2800740012703,888.9871615650674,917.0388812271992,4000,2000,synthetic
